{"cameraMode":{"drawMode":0,"name":"Shaded","section":"Shading Mode"},"sceneLighting":false,"audioPlay":false,"sceneViewState":{"showFog":true,"showMaterialUpdate":false,"showSkybox":false,"showFlares":true,"showImageEffects":true,"showParticleSystems":true},"in2DMode":false,"pivot":{"x":0.14191055297851563,"y":0.12104561924934387,"z":0.03813743591308594},"rotation":{"x":0.3177874684333801,"y":-0.16804787516593934,"z":0.05733497068285942,"w":0.931394100189209},"size":1.970560908317566,"orthographic":false}