{"cameraMode":{"drawMode":0,"name":"Shaded","section":"Shading Mode"},"sceneLighting":false,"audioPlay":false,"sceneViewState":{"showFog":true,"showMaterialUpdate":false,"showSkybox":false,"showFlares":true,"showImageEffects":true,"showParticleSystems":true},"in2DMode":false,"pivot":{"x":2.1610000133514406,"y":0.4699999988079071,"z":0.0},"rotation":{"x":-0.4024824798107147,"y":0.01839684508740902,"z":-0.008087425492703915,"w":-0.9152235984802246},"size":0.4699999988079071,"orthographic":false}