{"cameraMode":{"drawMode":0,"name":"Shaded","section":"Shading Mode"},"sceneLighting":false,"audioPlay":false,"sceneViewState":{"showFog":true,"showMaterialUpdate":false,"showSkybox":false,"showFlares":true,"showImageEffects":true,"showParticleSystems":true},"in2DMode":false,"pivot":{"x":1.878847599029541,"y":0.810632050037384,"z":1.8141779899597169},"rotation":{"x":-0.1583181470632553,"y":0.06275033950805664,"z":-0.010081515647470951,"w":-0.985357403755188},"size":1.2942657470703126,"orthographic":false}