{"cameraMode":{"drawMode":0,"name":"Shaded","section":"Shading Mode"},"sceneLighting":false,"audioPlay":false,"sceneViewState":{"showFog":true,"showMaterialUpdate":false,"showSkybox":false,"showFlares":true,"showImageEffects":true,"showParticleSystems":true},"in2DMode":false,"pivot":{"x":-0.000040590763092041016,"y":-1.65070641040802,"z":10.506752014160157},"rotation":{"x":-0.3782254457473755,"y":-0.1005147248506546,"z":0.04135395586490631,"w":-0.91932612657547},"size":1.640475869178772,"orthographic":false}